label,other,value
2025-06-30T09:47:24.070579,hour,70
2025-06-30T09:47:24.070579,hour,10
2025-06-30T09:47:24.070579,hour,76
2025-06-30T09:47:24.070579,hour,46
2025-06-30T09:47:24.070579,hour,87
2025-06-30T09:47:24.070579,hour,9
2025-06-30T09:47:24.070579,hour,43
2025-06-30T09:47:24.070579,hour,3
2025-06-30T09:47:24.070579,hour,10
2025-06-30T09:47:24.070579,hour,36
2025-06-30T09:47:24.071207,year,85
2025-06-30T09:47:24.071207,year,67
2025-06-30T09:47:24.071207,year,59
2025-06-30T09:47:24.071207,year,69
2025-06-30T09:47:24.071207,year,45
2025-06-30T09:47:24.071207,year,57
2025-06-30T09:47:24.071207,year,83
2025-06-30T09:47:24.071207,year,0
2025-06-30T09:47:24.071207,year,84
2025-06-30T09:47:24.071207,year,55
2025-06-30T09:47:24.070856,day,33
2025-06-30T09:47:24.070856,day,3
2025-06-30T09:47:24.070856,day,30
2025-06-30T09:47:24.070856,day,32
2025-06-30T09:47:24.070856,day,89
2025-06-30T09:47:24.070856,day,17
2025-06-30T09:47:24.070856,day,88
2025-06-30T09:47:24.070856,day,96
2025-06-30T09:47:24.070856,day,63
2025-06-30T09:47:24.070856,day,40
2025-06-30T09:47:24.070984,week,30
2025-06-30T09:47:24.070984,week,39
2025-06-30T09:47:24.070984,week,96
2025-06-30T09:47:24.070984,week,95
2025-06-30T09:47:24.070984,week,1
2025-06-30T09:47:24.070984,week,54
2025-06-30T09:47:24.070984,week,77
2025-06-30T09:47:24.070984,week,78
2025-06-30T09:47:24.070984,week,75
2025-06-30T09:47:24.070984,week,52
2025-06-30T09:47:24.071094,month,67
2025-06-30T09:47:24.071094,month,33
2025-06-30T09:47:24.071094,month,39
2025-06-30T09:47:24.071094,month,16
2025-06-30T09:47:24.071094,month,46
2025-06-30T09:47:24.071094,month,55
2025-06-30T09:47:24.071094,month,24
2025-06-30T09:47:24.071094,month,83
2025-06-30T09:47:24.071094,month,40
2025-06-30T09:47:24.071094,month,3
2025-06-30T10:06:31.770825,hour,20
2025-06-30T10:06:31.770825,hour,38
2025-06-30T10:06:31.770825,hour,96
2025-06-30T10:06:31.770825,hour,20
2025-06-30T10:06:31.770825,hour,30
2025-06-30T10:06:31.770825,hour,63
2025-06-30T10:06:31.770825,hour,9
2025-06-30T10:06:31.770825,hour,24
2025-06-30T10:06:31.770825,hour,63
2025-06-30T10:06:31.770825,hour,56
2025-06-30T10:06:31.771331,year,23
2025-06-30T10:06:31.771331,year,4
2025-06-30T10:06:31.771331,year,26
2025-06-30T10:06:31.771331,year,1
2025-06-30T10:06:31.771331,year,58
2025-06-30T10:06:31.771331,year,15
2025-06-30T10:06:31.771331,year,88
2025-06-30T10:06:31.771331,year,31
2025-06-30T10:06:31.771331,year,23
2025-06-30T10:06:31.771331,year,86
2025-06-30T10:06:31.771037,day,15
2025-06-30T10:06:31.771037,day,99
2025-06-30T10:06:31.771037,day,99
2025-06-30T10:06:31.771037,day,51
2025-06-30T10:06:31.771037,day,25
2025-06-30T10:06:31.771037,day,10
2025-06-30T10:06:31.771037,day,55
2025-06-30T10:06:31.771037,day,30
2025-06-30T10:06:31.771037,day,87
2025-06-30T10:06:31.771037,day,13
2025-06-30T10:06:31.771147,week,13
2025-06-30T10:06:31.771147,week,7
2025-06-30T10:06:31.771147,week,52
2025-06-30T10:06:31.771147,week,72
2025-06-30T10:06:31.771147,week,77
2025-06-30T10:06:31.771147,week,10
2025-06-30T10:06:31.771147,week,86
2025-06-30T10:06:31.771147,week,33
2025-06-30T10:06:31.771147,week,28
2025-06-30T10:06:31.771147,week,44
2025-06-30T10:06:31.771238,month,28
2025-06-30T10:06:31.771238,month,23
2025-06-30T10:06:31.771238,month,100
2025-06-30T10:06:31.771238,month,68
2025-06-30T10:06:31.771238,month,11
2025-06-30T10:06:31.771238,month,21
2025-06-30T10:06:31.771238,month,25
2025-06-30T10:06:31.771238,month,72
2025-06-30T10:06:31.771238,month,88
2025-06-30T10:06:31.771238,month,22
2025-06-30T10:17:10.495158,hour,2
2025-06-30T10:17:10.495158,hour,21
2025-06-30T10:17:10.495158,hour,75
2025-06-30T10:17:10.495158,hour,92
2025-06-30T10:17:10.495158,hour,88
2025-06-30T10:17:10.495158,hour,31
2025-06-30T10:17:10.495158,hour,71
2025-06-30T10:17:10.495158,hour,73
2025-06-30T10:17:10.495158,hour,64
2025-06-30T10:17:10.495158,hour,55
2025-06-30T10:17:10.495717,year,4
2025-06-30T10:17:10.495717,year,44
2025-06-30T10:17:10.495717,year,89
2025-06-30T10:17:10.495717,year,32
2025-06-30T10:17:10.495717,year,53
2025-06-30T10:17:10.495717,year,70
2025-06-30T10:17:10.495717,year,31
2025-06-30T10:17:10.495717,year,66
2025-06-30T10:17:10.495717,year,97
2025-06-30T10:17:10.495717,year,33
2025-06-30T10:17:10.495404,day,0
2025-06-30T10:17:10.495404,day,37
2025-06-30T10:17:10.495404,day,54
2025-06-30T10:17:10.495404,day,67
2025-06-30T10:17:10.495404,day,94
2025-06-30T10:17:10.495404,day,90
2025-06-30T10:17:10.495404,day,77
2025-06-30T10:17:10.495404,day,0
2025-06-30T10:17:10.495404,day,88
2025-06-30T10:17:10.495404,day,15
2025-06-30T10:17:10.495515,week,16
2025-06-30T10:17:10.495515,week,46
2025-06-30T10:17:10.495515,week,81
2025-06-30T10:17:10.495515,week,4
2025-06-30T10:17:10.495515,week,43
2025-06-30T10:17:10.495515,week,7
2025-06-30T10:17:10.495515,week,47
2025-06-30T10:17:10.495515,week,52
2025-06-30T10:17:10.495515,week,74
2025-06-30T10:17:10.495515,week,4
2025-06-30T10:17:10.495620,month,56
2025-06-30T10:17:10.495620,month,33
2025-06-30T10:17:10.495620,month,30
2025-06-30T10:17:10.495620,month,37
2025-06-30T10:17:10.495620,month,54
2025-06-30T10:17:10.495620,month,23
2025-06-30T10:17:10.495620,month,35
2025-06-30T10:17:10.495620,month,99
2025-06-30T10:17:10.495620,month,58
2025-06-30T10:17:10.495620,month,54
2025-06-30T10:18:48.875063,hour,82
2025-06-30T10:18:48.875063,hour,36
2025-06-30T10:18:48.875063,hour,56
2025-06-30T10:18:48.875063,hour,90
2025-06-30T10:18:48.875063,hour,75
2025-06-30T10:18:48.875063,hour,77
2025-06-30T10:18:48.875063,hour,47
2025-06-30T10:18:48.875063,hour,99
2025-06-30T10:18:48.875063,hour,84
2025-06-30T10:18:48.875063,hour,46
2025-06-30T10:18:48.875748,year,30
2025-06-30T10:18:48.875748,year,83
2025-06-30T10:18:48.875748,year,60
2025-06-30T10:18:48.875748,year,72
2025-06-30T10:18:48.875748,year,94
2025-06-30T10:18:48.875748,year,68
2025-06-30T10:18:48.875748,year,21
2025-06-30T10:18:48.875748,year,87
2025-06-30T10:18:48.875748,year,38
2025-06-30T10:18:48.875748,year,76
2025-06-30T10:18:48.875400,day,42
2025-06-30T10:18:48.875400,day,42
2025-06-30T10:18:48.875400,day,56
2025-06-30T10:18:48.875400,day,3
2025-06-30T10:18:48.875400,day,77
2025-06-30T10:18:48.875400,day,86
2025-06-30T10:18:48.875400,day,58
2025-06-30T10:18:48.875400,day,70
2025-06-30T10:18:48.875400,day,97
2025-06-30T10:18:48.875400,day,55
2025-06-30T10:18:48.875542,week,25
2025-06-30T10:18:48.875542,week,80
2025-06-30T10:18:48.875542,week,30
2025-06-30T10:18:48.875542,week,7
2025-06-30T10:18:48.875542,week,11
2025-06-30T10:18:48.875542,week,40
2025-06-30T10:18:48.875542,week,58
2025-06-30T10:18:48.875542,week,59
2025-06-30T10:18:48.875542,week,12
2025-06-30T10:18:48.875542,week,52
2025-06-30T10:18:48.875651,month,83
2025-06-30T10:18:48.875651,month,47
2025-06-30T10:18:48.875651,month,76
2025-06-30T10:18:48.875651,month,39
2025-06-30T10:18:48.875651,month,79
2025-06-30T10:18:48.875651,month,55
2025-06-30T10:18:48.875651,month,19
2025-06-30T10:18:48.875651,month,19
2025-06-30T10:18:48.875651,month,99
2025-06-30T10:18:48.875651,month,11
2025-06-30T10:19:21.312494,hour,16
2025-06-30T10:19:21.312494,hour,32
2025-06-30T10:19:21.312494,hour,43
2025-06-30T10:19:21.312494,hour,76
2025-06-30T10:19:21.312494,hour,86
2025-06-30T10:19:21.312494,hour,67
2025-06-30T10:19:21.312494,hour,3
2025-06-30T10:19:21.312494,hour,13
2025-06-30T10:19:21.312494,hour,4
2025-06-30T10:19:21.312494,hour,22
2025-06-30T10:19:21.313032,year,52
2025-06-30T10:19:21.313032,year,53
2025-06-30T10:19:21.313032,year,54
2025-06-30T10:19:21.313032,year,44
2025-06-30T10:19:21.313032,year,22
2025-06-30T10:19:21.313032,year,94
2025-06-30T10:19:21.313032,year,72
2025-06-30T10:19:21.313032,year,35
2025-06-30T10:19:21.313032,year,99
2025-06-30T10:19:21.313032,year,76
2025-06-30T10:19:21.312741,day,27
2025-06-30T10:19:21.312741,day,20
2025-06-30T10:19:21.312741,day,88
2025-06-30T10:19:21.312741,day,35
2025-06-30T10:19:21.312741,day,42
2025-06-30T10:19:21.312741,day,52
2025-06-30T10:19:21.312741,day,35
2025-06-30T10:19:21.312741,day,12
2025-06-30T10:19:21.312741,day,28
2025-06-30T10:19:21.312741,day,33
2025-06-30T10:19:21.312852,week,29
2025-06-30T10:19:21.312852,week,30
2025-06-30T10:19:21.312852,week,8
2025-06-30T10:19:21.312852,week,36
2025-06-30T10:19:21.312852,week,12
2025-06-30T10:19:21.312852,week,11
2025-06-30T10:19:21.312852,week,94
2025-06-30T10:19:21.312852,week,93
2025-06-30T10:19:21.312852,week,75
2025-06-30T10:19:21.312852,week,95
2025-06-30T10:19:21.312947,month,43
2025-06-30T10:19:21.312947,month,24
2025-06-30T10:19:21.312947,month,22
2025-06-30T10:19:21.312947,month,75
2025-06-30T10:19:21.312947,month,95
2025-06-30T10:19:21.312947,month,15
2025-06-30T10:19:21.312947,month,68
2025-06-30T10:19:21.312947,month,20
2025-06-30T10:19:21.312947,month,39
2025-06-30T10:19:21.312947,month,56
2025-06-30T10:20:28.588800,hour,12
2025-06-30T10:20:28.588800,hour,25
2025-06-30T10:20:28.588800,hour,69
2025-06-30T10:20:28.588800,hour,25
2025-06-30T10:20:28.588800,hour,18
2025-06-30T10:20:28.588800,hour,0
2025-06-30T10:20:28.588800,hour,35
2025-06-30T10:20:28.588800,hour,64
2025-06-30T10:20:28.588800,hour,46
2025-06-30T10:20:28.588800,hour,26
2025-06-30T10:20:28.589379,year,76
2025-06-30T10:20:28.589379,year,57
2025-06-30T10:20:28.589379,year,84
2025-06-30T10:20:28.589379,year,48
2025-06-30T10:20:28.589379,year,32
2025-06-30T10:20:28.589379,year,33
2025-06-30T10:20:28.589379,year,60
2025-06-30T10:20:28.589379,year,18
2025-06-30T10:20:28.589379,year,99
2025-06-30T10:20:28.589379,year,95
2025-06-30T10:20:28.589056,day,5
2025-06-30T10:20:28.589056,day,77
2025-06-30T10:20:28.589056,day,4
2025-06-30T10:20:28.589056,day,80
2025-06-30T10:20:28.589056,day,58
2025-06-30T10:20:28.589056,day,69
2025-06-30T10:20:28.589056,day,42
2025-06-30T10:20:28.589056,day,56
2025-06-30T10:20:28.589056,day,100
2025-06-30T10:20:28.589056,day,21
2025-06-30T10:20:28.589184,week,15
2025-06-30T10:20:28.589184,week,54
2025-06-30T10:20:28.589184,week,39
2025-06-30T10:20:28.589184,week,96
2025-06-30T10:20:28.589184,week,31
2025-06-30T10:20:28.589184,week,6
2025-06-30T10:20:28.589184,week,8
2025-06-30T10:20:28.589184,week,18
2025-06-30T10:20:28.589184,week,39
2025-06-30T10:20:28.589184,week,96
2025-06-30T10:20:28.589282,month,93
2025-06-30T10:20:28.589282,month,31
2025-06-30T10:20:28.589282,month,13
2025-06-30T10:20:28.589282,month,1
2025-06-30T10:20:28.589282,month,16
2025-06-30T10:20:28.589282,month,55
2025-06-30T10:20:28.589282,month,94
2025-06-30T10:20:28.589282,month,44
2025-06-30T10:20:28.589282,month,13
2025-06-30T10:20:28.589282,month,58
2025-06-30T10:20:28.588800,hour,12
2025-06-30T10:20:28.588800,hour,25
2025-06-30T10:20:28.588800,hour,69
2025-06-30T10:20:28.588800,hour,25
2025-06-30T10:20:28.588800,hour,18
2025-06-30T10:20:28.588800,hour,0
2025-06-30T10:20:28.588800,hour,35
2025-06-30T10:20:28.588800,hour,64
2025-06-30T10:20:28.588800,hour,46
2025-06-30T10:20:28.588800,hour,26
2025-06-30T10:20:28.589379,year,76
2025-06-30T10:20:28.589379,year,57
2025-06-30T10:20:28.589379,year,84
2025-06-30T10:20:28.589379,year,48
2025-06-30T10:20:28.589379,year,32
2025-06-30T10:20:28.589379,year,33
2025-06-30T10:20:28.589379,year,60
2025-06-30T10:20:28.589379,year,18
2025-06-30T10:20:28.589379,year,99
2025-06-30T10:20:28.589379,year,95
2025-06-30T10:20:28.589056,day,5
2025-06-30T10:20:28.589056,day,77
2025-06-30T10:20:28.589056,day,4
2025-06-30T10:20:28.589056,day,80
2025-06-30T10:20:28.589056,day,58
2025-06-30T10:20:28.589056,day,69
2025-06-30T10:20:28.589056,day,42
2025-06-30T10:20:28.589056,day,56
2025-06-30T10:20:28.589056,day,100
2025-06-30T10:20:28.589056,day,21
2025-06-30T10:20:28.589184,week,15
2025-06-30T10:20:28.589184,week,54
2025-06-30T10:20:28.589184,week,39
2025-06-30T10:20:28.589184,week,96
2025-06-30T10:20:28.589184,week,31
2025-06-30T10:20:28.589184,week,6
2025-06-30T10:20:28.589184,week,8
2025-06-30T10:20:28.589184,week,18
2025-06-30T10:20:28.589184,week,39
2025-06-30T10:20:28.589184,week,96
2025-06-30T10:20:28.589282,month,93
2025-06-30T10:20:28.589282,month,31
2025-06-30T10:20:28.589282,month,13
2025-06-30T10:20:28.589282,month,1
2025-06-30T10:20:28.589282,month,16
2025-06-30T10:20:28.589282,month,55
2025-06-30T10:20:28.589282,month,94
2025-06-30T10:20:28.589282,month,44
2025-06-30T10:20:28.589282,month,13
2025-06-30T10:20:28.589282,month,58
2025-06-30T10:27:05.520126,hour,85
2025-06-30T10:27:05.520126,hour,72
2025-06-30T10:27:05.520126,hour,65
2025-06-30T10:27:05.520126,hour,27
2025-06-30T10:27:05.520126,hour,63
2025-06-30T10:27:05.520126,hour,67
2025-06-30T10:27:05.520126,hour,44
2025-06-30T10:27:05.520126,hour,73
2025-06-30T10:27:05.520126,hour,85
2025-06-30T10:27:05.520126,hour,51
2025-06-30T10:27:05.520741,year,21
2025-06-30T10:27:05.520741,year,34
2025-06-30T10:27:05.520741,year,81
2025-06-30T10:27:05.520741,year,40
2025-06-30T10:27:05.520741,year,54
2025-06-30T10:27:05.520741,year,17
2025-06-30T10:27:05.520741,year,40
2025-06-30T10:27:05.520741,year,98
2025-06-30T10:27:05.520741,year,4
2025-06-30T10:27:05.520741,year,67
2025-06-30T10:27:05.520412,day,7
2025-06-30T10:27:05.520412,day,40
2025-06-30T10:27:05.520412,day,88
2025-06-30T10:27:05.520412,day,60
2025-06-30T10:27:05.520412,day,92
2025-06-30T10:27:05.520412,day,89
2025-06-30T10:27:05.520412,day,23
2025-06-30T10:27:05.520412,day,82
2025-06-30T10:27:05.520412,day,79
2025-06-30T10:27:05.520412,day,41
2025-06-30T10:27:05.520538,week,99
2025-06-30T10:27:05.520538,week,82
2025-06-30T10:27:05.520538,week,9
2025-06-30T10:27:05.520538,week,61
2025-06-30T10:27:05.520538,week,6
2025-06-30T10:27:05.520538,week,49
2025-06-30T10:27:05.520538,week,74
2025-06-30T10:27:05.520538,week,8
2025-06-30T10:27:05.520538,week,28
2025-06-30T10:27:05.520538,week,16
2025-06-30T10:27:05.520643,month,31
2025-06-30T10:27:05.520643,month,63
2025-06-30T10:27:05.520643,month,22
2025-06-30T10:27:05.520643,month,52
2025-06-30T10:27:05.520643,month,62
2025-06-30T10:27:05.520643,month,90
2025-06-30T10:27:05.520643,month,20
2025-06-30T10:27:05.520643,month,77
2025-06-30T10:27:05.520643,month,76
2025-06-30T10:27:05.520643,month,12
2025-06-30T10:40:07.974590,hour,80
2025-06-30T10:40:07.974590,hour,26
2025-06-30T10:40:07.974590,hour,10
2025-06-30T10:40:07.974590,hour,41
2025-06-30T10:40:07.974590,hour,14
2025-06-30T10:40:07.974590,hour,65
2025-06-30T10:40:07.974590,hour,17
2025-06-30T10:40:07.974590,hour,50
2025-06-30T10:40:07.974590,hour,4
2025-06-30T10:40:07.974590,hour,99
2025-06-30T10:40:07.975251,year,69
2025-06-30T10:40:07.975251,year,92
2025-06-30T10:40:07.975251,year,51
2025-06-30T10:40:07.975251,year,45
2025-06-30T10:40:07.975251,year,34
2025-06-30T10:40:07.975251,year,68
2025-06-30T10:40:07.975251,year,94
2025-06-30T10:40:07.975251,year,63
2025-06-30T10:40:07.975251,year,82
2025-06-30T10:40:07.975251,year,96
2025-06-30T10:40:07.974953,day,14
2025-06-30T10:40:07.974953,day,59
2025-06-30T10:40:07.974953,day,63
2025-06-30T10:40:07.974953,day,2
2025-06-30T10:40:07.974953,day,97
2025-06-30T10:40:07.974953,day,45
2025-06-30T10:40:07.974953,day,10
2025-06-30T10:40:07.974953,day,87
2025-06-30T10:40:07.974953,day,23
2025-06-30T10:40:07.974953,day,13
2025-06-30T10:40:07.975066,week,84
2025-06-30T10:40:07.975066,week,49
2025-06-30T10:40:07.975066,week,20
2025-06-30T10:40:07.975066,week,60
2025-06-30T10:40:07.975066,week,46
2025-06-30T10:40:07.975066,week,63
2025-06-30T10:40:07.975066,week,92
2025-06-30T10:40:07.975066,week,74
2025-06-30T10:40:07.975066,week,19
2025-06-30T10:40:07.975066,week,42
2025-06-30T10:40:07.975157,month,30
2025-06-30T10:40:07.975157,month,1
2025-06-30T10:40:07.975157,month,31
2025-06-30T10:40:07.975157,month,22
2025-06-30T10:40:07.975157,month,13
2025-06-30T10:40:07.975157,month,55
2025-06-30T10:40:07.975157,month,17
2025-06-30T10:40:07.975157,month,59
2025-06-30T10:40:07.975157,month,24
2025-06-30T10:40:07.975157,month,23
2025-06-30T10:44:34.652242,hour,25
2025-06-30T10:44:34.652242,hour,76
2025-06-30T10:44:34.652242,hour,92
2025-06-30T10:44:34.652242,hour,0
2025-06-30T10:44:34.652242,hour,15
2025-06-30T10:44:34.652242,hour,57
2025-06-30T10:44:34.652242,hour,88
2025-06-30T10:44:34.652242,hour,41
2025-06-30T10:44:34.652242,hour,58
2025-06-30T10:44:34.652242,hour,89
2025-06-30T10:44:34.652879,year,92
2025-06-30T10:44:34.652879,year,100
2025-06-30T10:44:34.652879,year,77
2025-06-30T10:44:34.652879,year,0
2025-06-30T10:44:34.652879,year,79
2025-06-30T10:44:34.652879,year,45
2025-06-30T10:44:34.652879,year,99
2025-06-30T10:44:34.652879,year,98
2025-06-30T10:44:34.652879,year,43
2025-06-30T10:44:34.652879,year,49
2025-06-30T10:44:34.652517,day,76
2025-06-30T10:44:34.652517,day,53
2025-06-30T10:44:34.652517,day,76
2025-06-30T10:44:34.652517,day,53
2025-06-30T10:44:34.652517,day,59
2025-06-30T10:44:34.652517,day,72
2025-06-30T10:44:34.652517,day,96
2025-06-30T10:44:34.652517,day,39
2025-06-30T10:44:34.652517,day,70
2025-06-30T10:44:34.652517,day,57
2025-06-30T10:44:34.652651,week,77
2025-06-30T10:44:34.652651,week,43
2025-06-30T10:44:34.652651,week,81
2025-06-30T10:44:34.652651,week,91
2025-06-30T10:44:34.652651,week,32
2025-06-30T10:44:34.652651,week,28
2025-06-30T10:44:34.652651,week,72
2025-06-30T10:44:34.652651,week,95
2025-06-30T10:44:34.652651,week,29
2025-06-30T10:44:34.652651,week,49
2025-06-30T10:44:34.652757,month,59
2025-06-30T10:44:34.652757,month,5
2025-06-30T10:44:34.652757,month,4
2025-06-30T10:44:34.652757,month,59
2025-06-30T10:44:34.652757,month,63
2025-06-30T10:44:34.652757,month,54
2025-06-30T10:44:34.652757,month,61
2025-06-30T10:44:34.652757,month,26
2025-06-30T10:44:34.652757,month,25
2025-06-30T10:44:34.652757,month,38
2025-06-30T10:49:53.024437,hour,73
2025-06-30T10:49:53.024437,hour,57
2025-06-30T10:49:53.024437,hour,8
2025-06-30T10:49:53.024437,hour,94
2025-06-30T10:49:53.024437,hour,13
2025-06-30T10:49:53.024437,hour,49
2025-06-30T10:49:53.024437,hour,93
2025-06-30T10:49:53.024437,hour,12
2025-06-30T10:49:53.024437,hour,28
2025-06-30T10:49:53.024437,hour,30
2025-06-30T10:49:53.024931,year,63
2025-06-30T10:49:53.024931,year,82
2025-06-30T10:49:53.024931,year,35
2025-06-30T10:49:53.024931,year,85
2025-06-30T10:49:53.024931,year,1
2025-06-30T10:49:53.024931,year,59
2025-06-30T10:49:53.024931,year,72
2025-06-30T10:49:53.024931,year,49
2025-06-30T10:49:53.024931,year,64
2025-06-30T10:49:53.024931,year,99
2025-06-30T10:49:53.024643,day,54
2025-06-30T10:49:53.024643,day,54
2025-06-30T10:49:53.024643,day,27
2025-06-30T10:49:53.024643,day,64
2025-06-30T10:49:53.024643,day,54
2025-06-30T10:49:53.024643,day,48
2025-06-30T10:49:53.024643,day,20
2025-06-30T10:49:53.024643,day,20
2025-06-30T10:49:53.024643,day,11
2025-06-30T10:49:53.024643,day,59
2025-06-30T10:49:53.024747,week,72
2025-06-30T10:49:53.024747,week,8
2025-06-30T10:49:53.024747,week,11
2025-06-30T10:49:53.024747,week,14
2025-06-30T10:49:53.024747,week,15
2025-06-30T10:49:53.024747,week,90
2025-06-30T10:49:53.024747,week,65
2025-06-30T10:49:53.024747,week,54
2025-06-30T10:49:53.024747,week,17
2025-06-30T10:49:53.024747,week,55
2025-06-30T10:49:53.024841,month,88
2025-06-30T10:49:53.024841,month,1
2025-06-30T10:49:53.024841,month,80
2025-06-30T10:49:53.024841,month,97
2025-06-30T10:49:53.024841,month,30
2025-06-30T10:49:53.024841,month,62
2025-06-30T10:49:53.024841,month,58
2025-06-30T10:49:53.024841,month,60
2025-06-30T10:49:53.024841,month,80
2025-06-30T10:49:53.024841,month,97
2025-06-30T10:58:34.805571,hour,49
2025-06-30T10:58:34.805571,hour,17
2025-06-30T10:58:34.805571,hour,7
2025-06-30T10:58:34.805571,hour,32
2025-06-30T10:58:34.805571,hour,44
2025-06-30T10:58:34.805571,hour,46
2025-06-30T10:58:34.805571,hour,95
2025-06-30T10:58:34.805571,hour,24
2025-06-30T10:58:34.805571,hour,100
2025-06-30T10:58:34.805571,hour,27
2025-06-30T10:58:34.806218,year,30
2025-06-30T10:58:34.806218,year,30
2025-06-30T10:58:34.806218,year,48
2025-06-30T10:58:34.806218,year,29
2025-06-30T10:58:34.806218,year,87
2025-06-30T10:58:34.806218,year,35
2025-06-30T10:58:34.806218,year,41
2025-06-30T10:58:34.806218,year,44
2025-06-30T10:58:34.806218,year,0
2025-06-30T10:58:34.806218,year,9
2025-06-30T10:58:34.805831,day,82
2025-06-30T10:58:34.805831,day,35
2025-06-30T10:58:34.805831,day,29
2025-06-30T10:58:34.805831,day,66
2025-06-30T10:58:34.805831,day,80
2025-06-30T10:58:34.805831,day,82
2025-06-30T10:58:34.805831,day,20
2025-06-30T10:58:34.805831,day,7
2025-06-30T10:58:34.805831,day,30
2025-06-30T10:58:34.805831,day,11
2025-06-30T10:58:34.806000,week,54
2025-06-30T10:58:34.806000,week,84
2025-06-30T10:58:34.806000,week,55
2025-06-30T10:58:34.806000,week,90
2025-06-30T10:58:34.806000,week,1
2025-06-30T10:58:34.806000,week,78
2025-06-30T10:58:34.806000,week,27
2025-06-30T10:58:34.806000,week,48
2025-06-30T10:58:34.806000,week,50
2025-06-30T10:58:34.806000,week,74
2025-06-30T10:58:34.806101,month,34
2025-06-30T10:58:34.806101,month,87
2025-06-30T10:58:34.806101,month,44
2025-06-30T10:58:34.806101,month,78
2025-06-30T10:58:34.806101,month,17
2025-06-30T10:58:34.806101,month,33
2025-06-30T10:58:34.806101,month,65
2025-06-30T10:58:34.806101,month,47
2025-06-30T10:58:34.806101,month,56
2025-06-30T10:58:34.806101,month,14
2025-06-30T11:33:56.976635,hour,65
2025-06-30T11:33:56.976635,hour,24
2025-06-30T11:33:56.976635,hour,58
2025-06-30T11:33:56.976635,hour,50
2025-06-30T11:33:56.976635,hour,74
2025-06-30T11:33:56.976635,hour,83
2025-06-30T11:33:56.976635,hour,58
2025-06-30T11:33:56.976635,hour,86
2025-06-30T11:33:56.976635,hour,46
2025-06-30T11:33:56.976635,hour,16
2025-06-30T11:33:56.977369,year,88
2025-06-30T11:33:56.977369,year,38
2025-06-30T11:33:56.977369,year,64
2025-06-30T11:33:56.977369,year,49
2025-06-30T11:33:56.977369,year,10
2025-06-30T11:33:56.977369,year,97
2025-06-30T11:33:56.977369,year,52
2025-06-30T11:33:56.977369,year,4
2025-06-30T11:33:56.977369,year,96
2025-06-30T11:33:56.977369,year,33
2025-06-30T11:33:56.977042,day,68
2025-06-30T11:33:56.977042,day,16
2025-06-30T11:33:56.977042,day,51
2025-06-30T11:33:56.977042,day,15
2025-06-30T11:33:56.977042,day,37
2025-06-30T11:33:56.977042,day,20
2025-06-30T11:33:56.977042,day,25
2025-06-30T11:33:56.977042,day,3
2025-06-30T11:33:56.977042,day,85
2025-06-30T11:33:56.977042,day,78
2025-06-30T11:33:56.977156,week,79
2025-06-30T11:33:56.977156,week,2
2025-06-30T11:33:56.977156,week,87
2025-06-30T11:33:56.977156,week,6
2025-06-30T11:33:56.977156,week,4
2025-06-30T11:33:56.977156,week,97
2025-06-30T11:33:56.977156,week,37
2025-06-30T11:33:56.977156,week,78
2025-06-30T11:33:56.977156,week,82
2025-06-30T11:33:56.977156,week,79
2025-06-30T11:33:56.977259,month,48
2025-06-30T11:33:56.977259,month,23
2025-06-30T11:33:56.977259,month,72
2025-06-30T11:33:56.977259,month,54
2025-06-30T11:33:56.977259,month,77
2025-06-30T11:33:56.977259,month,40
2025-06-30T11:33:56.977259,month,88
2025-06-30T11:33:56.977259,month,55
2025-06-30T11:33:56.977259,month,80
2025-06-30T11:33:56.977259,month,66
2025-06-30T12:34:34.946996,hour,46
2025-06-30T12:34:34.946996,hour,58
2025-06-30T12:34:34.946996,hour,20
2025-06-30T12:34:34.946996,hour,89
2025-06-30T12:34:34.946996,hour,37
2025-06-30T12:34:34.946996,hour,54
2025-06-30T12:34:34.946996,hour,14
2025-06-30T12:34:34.946996,hour,3
2025-06-30T12:34:34.946996,hour,90
2025-06-30T12:34:34.946996,hour,24
2025-06-30T12:34:34.947674,year,6
2025-06-30T12:34:34.947674,year,34
2025-06-30T12:34:34.947674,year,29
2025-06-30T12:34:34.947674,year,51
2025-06-30T12:34:34.947674,year,66
2025-06-30T12:34:34.947674,year,83
2025-06-30T12:34:34.947674,year,16
2025-06-30T12:34:34.947674,year,94
2025-06-30T12:34:34.947674,year,77
2025-06-30T12:34:34.947674,year,89
2025-06-30T12:34:34.947428,day,76
2025-06-30T12:34:34.947428,day,38
2025-06-30T12:34:34.947428,day,24
2025-06-30T12:34:34.947428,day,78
2025-06-30T12:34:34.947428,day,100
2025-06-30T12:34:34.947428,day,6
2025-06-30T12:34:34.947428,day,64
2025-06-30T12:34:34.947428,day,68
2025-06-30T12:34:34.947428,day,39
2025-06-30T12:34:34.947428,day,41
2025-06-30T12:34:34.947521,week,85
2025-06-30T12:34:34.947521,week,49
2025-06-30T12:34:34.947521,week,90
2025-06-30T12:34:34.947521,week,73
2025-06-30T12:34:34.947521,week,22
2025-06-30T12:34:34.947521,week,70
2025-06-30T12:34:34.947521,week,100
2025-06-30T12:34:34.947521,week,35
2025-06-30T12:34:34.947521,week,56
2025-06-30T12:34:34.947521,week,25
2025-06-30T12:34:34.947597,month,38
2025-06-30T12:34:34.947597,month,49
2025-06-30T12:34:34.947597,month,71
2025-06-30T12:34:34.947597,month,67
2025-06-30T12:34:34.947597,month,29
2025-06-30T12:34:34.947597,month,91
2025-06-30T12:34:34.947597,month,10
2025-06-30T12:34:34.947597,month,15
2025-06-30T12:34:34.947597,month,15
2025-06-30T12:34:34.947597,month,93
2025-06-30T12:39:07.071876,hour,74
2025-06-30T12:39:07.071876,hour,23
2025-06-30T12:39:07.071876,hour,75
2025-06-30T12:39:07.071876,hour,73
2025-06-30T12:39:07.071876,hour,43
2025-06-30T12:39:07.071876,hour,52
2025-06-30T12:39:07.071876,hour,60
2025-06-30T12:39:07.071876,hour,98
2025-06-30T12:39:07.071876,hour,0
2025-06-30T12:39:07.071876,hour,79
2025-06-30T12:39:07.072521,year,51
2025-06-30T12:39:07.072521,year,32
2025-06-30T12:39:07.072521,year,87
2025-06-30T12:39:07.072521,year,60
2025-06-30T12:39:07.072521,year,58
2025-06-30T12:39:07.072521,year,2
2025-06-30T12:39:07.072521,year,78
2025-06-30T12:39:07.072521,year,52
2025-06-30T12:39:07.072521,year,91
2025-06-30T12:39:07.072521,year,90
2025-06-30T12:39:07.072175,day,27
2025-06-30T12:39:07.072175,day,45
2025-06-30T12:39:07.072175,day,54
2025-06-30T12:39:07.072175,day,55
2025-06-30T12:39:07.072175,day,95
2025-06-30T12:39:07.072175,day,90
2025-06-30T12:39:07.072175,day,43
2025-06-30T12:39:07.072175,day,51
2025-06-30T12:39:07.072175,day,9
2025-06-30T12:39:07.072175,day,25
2025-06-30T12:39:07.072303,week,36
2025-06-30T12:39:07.072303,week,4
2025-06-30T12:39:07.072303,week,42
2025-06-30T12:39:07.072303,week,60
2025-06-30T12:39:07.072303,week,77
2025-06-30T12:39:07.072303,week,25
2025-06-30T12:39:07.072303,week,71
2025-06-30T12:39:07.072303,week,61
2025-06-30T12:39:07.072303,week,87
2025-06-30T12:39:07.072303,week,87
2025-06-30T12:39:07.072416,month,18
2025-06-30T12:39:07.072416,month,73
2025-06-30T12:39:07.072416,month,17
2025-06-30T12:39:07.072416,month,98
2025-06-30T12:39:07.072416,month,1
2025-06-30T12:39:07.072416,month,5
2025-06-30T12:39:07.072416,month,15
2025-06-30T12:39:07.072416,month,29
2025-06-30T12:39:07.072416,month,64
2025-06-30T12:39:07.072416,month,42
2025-06-30T13:06:07.253687,hour,53
2025-06-30T13:06:07.253687,hour,81
2025-06-30T13:06:07.253687,hour,86
2025-06-30T13:06:07.253687,hour,90
2025-06-30T13:06:07.253687,hour,76
2025-06-30T13:06:07.253687,hour,6
2025-06-30T13:06:07.253687,hour,55
2025-06-30T13:06:07.253687,hour,66
2025-06-30T13:06:07.253687,hour,96
2025-06-30T13:06:07.253687,hour,91
2025-06-30T13:06:07.254432,year,16
2025-06-30T13:06:07.254432,year,23
2025-06-30T13:06:07.254432,year,15
2025-06-30T13:06:07.254432,year,68
2025-06-30T13:06:07.254432,year,49
2025-06-30T13:06:07.254432,year,17
2025-06-30T13:06:07.254432,year,86
2025-06-30T13:06:07.254432,year,55
2025-06-30T13:06:07.254432,year,19
2025-06-30T13:06:07.254432,year,9
2025-06-30T13:06:07.254098,day,23
2025-06-30T13:06:07.254098,day,53
2025-06-30T13:06:07.254098,day,84
2025-06-30T13:06:07.254098,day,19
2025-06-30T13:06:07.254098,day,14
2025-06-30T13:06:07.254098,day,78
2025-06-30T13:06:07.254098,day,96
2025-06-30T13:06:07.254098,day,19
2025-06-30T13:06:07.254098,day,46
2025-06-30T13:06:07.254098,day,25
2025-06-30T13:06:07.254226,week,26
2025-06-30T13:06:07.254226,week,42
2025-06-30T13:06:07.254226,week,72
2025-06-30T13:06:07.254226,week,70
2025-06-30T13:06:07.254226,week,51
2025-06-30T13:06:07.254226,week,13
2025-06-30T13:06:07.254226,week,30
2025-06-30T13:06:07.254226,week,53
2025-06-30T13:06:07.254226,week,77
2025-06-30T13:06:07.254226,week,50
2025-06-30T13:06:07.254324,month,94
2025-06-30T13:06:07.254324,month,31
2025-06-30T13:06:07.254324,month,45
2025-06-30T13:06:07.254324,month,88
2025-06-30T13:06:07.254324,month,22
2025-06-30T13:06:07.254324,month,97
2025-06-30T13:06:07.254324,month,48
2025-06-30T13:06:07.254324,month,2
2025-06-30T13:06:07.254324,month,37
2025-06-30T13:06:07.254324,month,74
2025-06-30T13:10:58.862388,hour,78
2025-06-30T13:10:58.862388,hour,16
2025-06-30T13:10:58.862388,hour,82
2025-06-30T13:10:58.862388,hour,55
2025-06-30T13:10:58.862388,hour,79
2025-06-30T13:10:58.862388,hour,94
2025-06-30T13:10:58.862388,hour,10
2025-06-30T13:10:58.862388,hour,87
2025-06-30T13:10:58.862388,hour,2
2025-06-30T13:10:58.862388,hour,27
2025-06-30T13:10:58.863411,year,8
2025-06-30T13:10:58.863411,year,14
2025-06-30T13:10:58.863411,year,75
2025-06-30T13:10:58.863411,year,32
2025-06-30T13:10:58.863411,year,60
2025-06-30T13:10:58.863411,year,39
2025-06-30T13:10:58.863411,year,35
2025-06-30T13:10:58.863411,year,25
2025-06-30T13:10:58.863411,year,80
2025-06-30T13:10:58.863411,year,92
2025-06-30T13:10:58.862673,day,39
2025-06-30T13:10:58.862673,day,10
2025-06-30T13:10:58.862673,day,28
2025-06-30T13:10:58.862673,day,61
2025-06-30T13:10:58.862673,day,91
2025-06-30T13:10:58.862673,day,68
2025-06-30T13:10:58.862673,day,66
2025-06-30T13:10:58.862673,day,36
2025-06-30T13:10:58.862673,day,37
2025-06-30T13:10:58.862673,day,1
2025-06-30T13:10:58.862797,week,71
2025-06-30T13:10:58.862797,week,53
2025-06-30T13:10:58.862797,week,88
2025-06-30T13:10:58.862797,week,29
2025-06-30T13:10:58.862797,week,25
2025-06-30T13:10:58.862797,week,14
2025-06-30T13:10:58.862797,week,99
2025-06-30T13:10:58.862797,week,2
2025-06-30T13:10:58.862797,week,8
2025-06-30T13:10:58.862797,week,42
2025-06-30T13:10:58.862926,month,76
2025-06-30T13:10:58.862926,month,81
2025-06-30T13:10:58.862926,month,82
2025-06-30T13:10:58.862926,month,12
2025-06-30T13:10:58.862926,month,78
2025-06-30T13:10:58.862926,month,30
2025-06-30T13:10:58.862926,month,74
2025-06-30T13:10:58.862926,month,68
2025-06-30T13:10:58.862926,month,16
2025-06-30T13:10:58.862926,month,70
